{
    "pi":3.14159265359,
    "phi":1.6180339887,
    "square":1.41421356237,
    "e": 2.71828182846,
    "good":72,
    "magic":666,
    "g":9.8,
    "speed":12.4
}
